Workbook

Sheet TMAXSOFT
B2: 구분 | C2: 제품명 | D2: OS | E2: 타입 | F2: 단위 | G2: 단위수량 | H2: 가중치 | I2: 서버수량 | J2: 환산수량 | K2: 환산수량(소계) | L2: 비고
B3: 1 | C3: WebtoB 6 @ Standard | D3: AIX | E3: 운영,개발,DR | F3: Core | G3: =SUMIFS('OS 및 타입별 요약 및 상세 목록'!$G$3:$G$22, 'OS 및 타입별 요약 및 상세 목록'!$C$3:$C$22, TMAXSOFT!$C3, 'OS 및 타입별 요약 및 상세 목록'!$D$3:$D$22, TMAXSOFT!$D3, 'OS 및 타입별 요약 및 상세 목록'!$H$3:$H$22, TMAXSOFT!$H3) -> 65 | H3: 1 | I3: =SUMIFS('OS 및 타입별 요약 및 상세 목록'!$I$3:$I$22, 'OS 및 타입별 요약 및 상세 목록'!$C$3:$C$22, TMAXSOFT!$C3, 'OS 및 타입별 요약 및 상세 목록'!$D$3:$D$22, TMAXSOFT!$D3, 'OS 및 타입별 요약 및 상세 목록'!$H$3:$H$22, TMAXSOFT!$H3) -> 20 | J3: =SUMIFS('OS 및 타입별 요약 및 상세 목록'!$J$3:$J$22, 'OS 및 타입별 요약 및 상세 목록'!$C$3:$C$22, TMAXSOFT!$C3, 'OS 및 타입별 요약 및 상세 목록'!$D$3:$D$22, TMAXSOFT!$D3, 'OS 및 타입별 요약 및 상세 목록'!$H$3:$H$22, TMAXSOFT!$H3) -> 65 | K3: =SUM(J3:J4) -> 131.5
B4: 2 | C4: WebtoB 6 @ Standard | D4: HP UX | E4: 운영,개발,DR | F4: Core | G4: =SUMIFS('OS 및 타입별 요약 및 상세 목록'!$G$3:$G$22, 'OS 및 타입별 요약 및 상세 목록'!$C$3:$C$22, TMAXSOFT!$C4, 'OS 및 타입별 요약 및 상세 목록'!$D$3:$D$22, TMAXSOFT!$D4, 'OS 및 타입별 요약 및 상세 목록'!$H$3:$H$22, TMAXSOFT!$H4) -> 130 | H4: 0.5 | I4: =SUMIFS('OS 및 타입별 요약 및 상세 목록'!$I$3:$I$22, 'OS 및 타입별 요약 및 상세 목록'!$C$3:$C$22, TMAXSOFT!$C4, 'OS 및 타입별 요약 및 상세 목록'!$D$3:$D$22, TMAXSOFT!$D4, 'OS 및 타입별 요약 및 상세 목록'!$H$3:$H$22, TMAXSOFT!$H4) -> 24 | J4: =SUMIFS('OS 및 타입별 요약 및 상세 목록'!$J$3:$J$22, 'OS 및 타입별 요약 및 상세 목록'!$C$3:$C$22, TMAXSOFT!$C4, 'OS 및 타입별 요약 및 상세 목록'!$D$3:$D$22, TMAXSOFT!$D4, 'OS 및 타입별 요약 및 상세 목록'!$H$3:$H$22, TMAXSOFT!$H4) -> 66.5
B5: 3 | C5: JEUS 9 @ Standard | D5: AIX | E5: 운영,개발,DR | F5: Core | G5: =SUMIFS('OS 및 타입별 요약 및 상세 목록'!$G$3:$G$22, 'OS 및 타입별 요약 및 상세 목록'!$C$3:$C$22, TMAXSOFT!$C5, 'OS 및 타입별 요약 및 상세 목록'!$D$3:$D$22, TMAXSOFT!$D5, 'OS 및 타입별 요약 및 상세 목록'!$H$3:$H$22, TMAXSOFT!$H5) -> 17 | H5: 1 | I5: =SUMIFS('OS 및 타입별 요약 및 상세 목록'!$I$3:$I$22, 'OS 및 타입별 요약 및 상세 목록'!$C$3:$C$22, TMAXSOFT!$C5, 'OS 및 타입별 요약 및 상세 목록'!$D$3:$D$22, TMAXSOFT!$D5, 'OS 및 타입별 요약 및 상세 목록'!$H$3:$H$22, TMAXSOFT!$H5) -> 10 | J5: =SUMIFS('OS 및 타입별 요약 및 상세 목록'!$J$3:$J$22, 'OS 및 타입별 요약 및 상세 목록'!$C$3:$C$22, TMAXSOFT!$C5, 'OS 및 타입별 요약 및 상세 목록'!$D$3:$D$22, TMAXSOFT!$D5, 'OS 및 타입별 요약 및 상세 목록'!$H$3:$H$22, TMAXSOFT!$H5) -> 17 | K5: =SUM(J5:J6) -> 41.5
B6: 4 | C6: JEUS 9 @ Standard | D6: HP UX | E6: 운영,개발,DR | F6: Core | G6: =SUMIFS('OS 및 타입별 요약 및 상세 목록'!$G$3:$G$22, 'OS 및 타입별 요약 및 상세 목록'!$C$3:$C$22, TMAXSOFT!$C6, 'OS 및 타입별 요약 및 상세 목록'!$D$3:$D$22, TMAXSOFT!$D6, 'OS 및 타입별 요약 및 상세 목록'!$H$3:$H$22, TMAXSOFT!$H6) -> 46 | H6: 0.5 | I6: =SUMIFS('OS 및 타입별 요약 및 상세 목록'!$I$3:$I$22, 'OS 및 타입별 요약 및 상세 목록'!$C$3:$C$22, TMAXSOFT!$C6, 'OS 및 타입별 요약 및 상세 목록'!$D$3:$D$22, TMAXSOFT!$D6, 'OS 및 타입별 요약 및 상세 목록'!$H$3:$H$22, TMAXSOFT!$H6) -> 12 | J6: =SUMIFS('OS 및 타입별 요약 및 상세 목록'!$J$3:$J$22, 'OS 및 타입별 요약 및 상세 목록'!$C$3:$C$22, TMAXSOFT!$C6, 'OS 및 타입별 요약 및 상세 목록'!$D$3:$D$22, TMAXSOFT!$D6, 'OS 및 타입별 요약 및 상세 목록'!$H$3:$H$22, TMAXSOFT!$H6) -> 24.5
B7: 5 | C7: JEUS 9 @ Enterprise | D7: AIX | E7: 운영,DR | F7: Core | G7: =SUMIFS('OS 및 타입별 요약 및 상세 목록'!$G$3:$G$22, 'OS 및 타입별 요약 및 상세 목록'!$C$3:$C$22, TMAXSOFT!$C7, 'OS 및 타입별 요약 및 상세 목록'!$D$3:$D$22, TMAXSOFT!$D7, 'OS 및 타입별 요약 및 상세 목록'!$H$3:$H$22, TMAXSOFT!$H7)-G9 -> 57 | H7: 1 | I7: =SUMIFS('OS 및 타입별 요약 및 상세 목록'!$I$3:$I$22, 'OS 및 타입별 요약 및 상세 목록'!$C$3:$C$22, TMAXSOFT!$C7, 'OS 및 타입별 요약 및 상세 목록'!$D$3:$D$22, TMAXSOFT!$D7, 'OS 및 타입별 요약 및 상세 목록'!$H$3:$H$22, TMAXSOFT!$H7)-I9 -> 9 | J7: =SUMIFS('OS 및 타입별 요약 및 상세 목록'!$J$3:$J$22, 'OS 및 타입별 요약 및 상세 목록'!$C$3:$C$22, TMAXSOFT!$C7, 'OS 및 타입별 요약 및 상세 목록'!$D$3:$D$22, TMAXSOFT!$D7, 'OS 및 타입별 요약 및 상세 목록'!$H$3:$H$22, TMAXSOFT!$H7)-J9 -> 57 | K7: =SUM(J7:J10) -> 108
B8: 6 | C8: JEUS 9 @ Enterprise | D8: AIX | E8: 운영 | F8: Core | G8: =SUMIFS('OS 및 타입별 요약 및 상세 목록'!$G$3:$G$22, 'OS 및 타입별 요약 및 상세 목록'!$C$3:$C$22, TMAXSOFT!$C8, 'OS 및 타입별 요약 및 상세 목록'!$D$3:$D$22, TMAXSOFT!$D8, 'OS 및 타입별 요약 및 상세 목록'!$H$3:$H$22, TMAXSOFT!$H8) -> 12 | H8: 0.75 | I8: =SUMIFS('OS 및 타입별 요약 및 상세 목록'!$I$3:$I$22, 'OS 및 타입별 요약 및 상세 목록'!$C$3:$C$22, TMAXSOFT!$C8, 'OS 및 타입별 요약 및 상세 목록'!$D$3:$D$22, TMAXSOFT!$D8, 'OS 및 타입별 요약 및 상세 목록'!$H$3:$H$22, TMAXSOFT!$H8) -> 2 | J8: =SUMIFS('OS 및 타입별 요약 및 상세 목록'!$J$3:$J$22, 'OS 및 타입별 요약 및 상세 목록'!$C$3:$C$22, TMAXSOFT!$C8, 'OS 및 타입별 요약 및 상세 목록'!$D$3:$D$22, TMAXSOFT!$D8, 'OS 및 타입별 요약 및 상세 목록'!$H$3:$H$22, TMAXSOFT!$H8) -> 9
B9: 7 | C9: JEUS 9 @ Enterprise | D9: AIX | E9: 운영 | F9: Core | G9: 3 | H9: 1 | I9: 2 | J9: 3 | L9: 환산수량 부족분 추가구매(신규도입)
B10: 8 | C10: JEUS 9 @ Enterprise | D10: HP UX | E10: 운영 | F10: Core | G10: =SUMIFS('OS 및 타입별 요약 및 상세 목록'!$G$3:$G$22, 'OS 및 타입별 요약 및 상세 목록'!$C$3:$C$22, TMAXSOFT!$C10, 'OS 및 타입별 요약 및 상세 목록'!$D$3:$D$22, TMAXSOFT!$D10, 'OS 및 타입별 요약 및 상세 목록'!$H$3:$H$22, TMAXSOFT!$H10) -> 78 | H10: 0.5 | I10: =SUMIFS('OS 및 타입별 요약 및 상세 목록'!$I$3:$I$22, 'OS 및 타입별 요약 및 상세 목록'!$C$3:$C$22, TMAXSOFT!$C10, 'OS 및 타입별 요약 및 상세 목록'!$D$3:$D$22, TMAXSOFT!$D10, 'OS 및 타입별 요약 및 상세 목록'!$H$3:$H$22, TMAXSOFT!$H10) -> 10 | J10: =SUMIFS('OS 및 타입별 요약 및 상세 목록'!$J$3:$J$22, 'OS 및 타입별 요약 및 상세 목록'!$C$3:$C$22, TMAXSOFT!$C10, 'OS 및 타입별 요약 및 상세 목록'!$D$3:$D$22, TMAXSOFT!$D10, 'OS 및 타입별 요약 및 상세 목록'!$H$3:$H$22, TMAXSOFT!$H10) -> 39
B11: 9 | C11: 업그레이드 기술지원 | D11: - | E11: - | F11: M/D | G11: 130 | K11: 비상주 130M/D

Sheet OS 및 타입별 요약 및 상세 목록
B1: <OS 및 타입별 요약>
B2: 구분 | C2: 제품명 | D2: OS | E2: 타입 | F2: 단위 | G2: 단위수량 | H2: 가중치 | I2: 서버수량 | J2: 환산수량 | K2: 환산수량(소계)
B3: 1 | C3: WebtoB 6 @ Standard | D3: AIX | E3: 운영 | F3: Core | G3: =SUMIFS($G$27:$G$115, $C$27:$C$115, $C3, $D$27:$D$115, $D3, $E$27:$E$115, $E3) -> 46 | H3: 1 | I3: =SUMIFS($I$27:$I$115, $C$27:$C$115, $C3, $D$27:$D$115, $D3, $E$27:$E$115, $E3) -> 10 | J3: =SUMIFS($J$27:$J$115, $C$27:$C$115, $C3, $D$27:$D$115, $D3, $E$27:$E$115, $E3) -> 46 | K3: =SUM(J3:J8) -> 131.5
B4: 2 | C4: WebtoB 6 @ Standard | D4: AIX | E4: 개발 | F4: Core | G4: =SUMIFS($G$27:$G$115, $C$27:$C$115, $C4, $D$27:$D$115, $D4, $E$27:$E$115, $E4) -> 7 | H4: 1 | I4: =SUMIFS($I$27:$I$115, $C$27:$C$115, $C4, $D$27:$D$115, $D4, $E$27:$E$115, $E4) -> 5 | J4: =SUMIFS($J$27:$J$115, $C$27:$C$115, $C4, $D$27:$D$115, $D4, $E$27:$E$115, $E4) -> 7
B5: 3 | C5: WebtoB 6 @ Standard | D5: AIX | E5: DR | F5: Core | G5: =SUMIFS($G$27:$G$115, $C$27:$C$115, $C5, $D$27:$D$115, $D5, $E$27:$E$115, $E5) -> 12 | H5: 1 | I5: =SUMIFS($I$27:$I$115, $C$27:$C$115, $C5, $D$27:$D$115, $D5, $E$27:$E$115, $E5) -> 5 | J5: =SUMIFS($J$27:$J$115, $C$27:$C$115, $C5, $D$27:$D$115, $D5, $E$27:$E$115, $E5) -> 12
B6: 4 | C6: WebtoB 6 @ Standard | D6: HP UX | E6: 운영 | F6: Core | G6: =SUMIFS($G$27:$G$115, $C$27:$C$115, $C6, $D$27:$D$115, $D6, $E$27:$E$115, $E6) -> 88 | H6: 0.5 | I6: =SUMIFS($I$27:$I$115, $C$27:$C$115, $C6, $D$27:$D$115, $D6, $E$27:$E$115, $E6) -> 13 | J6: =SUMIFS($J$27:$J$115, $C$27:$C$115, $C6, $D$27:$D$115, $D6, $E$27:$E$115, $E6) -> 44
B7: 5 | C7: WebtoB 6 @ Standard | D7: HP UX | E7: 개발 | F7: Core | G7: =SUMIFS($G$27:$G$115, $C$27:$C$115, $C7, $D$27:$D$115, $D7, $E$27:$E$115, $E7) -> 11 | H7: 0.5 | I7: =SUMIFS($I$27:$I$115, $C$27:$C$115, $C7, $D$27:$D$115, $D7, $E$27:$E$115, $E7) -> 7 | J7: =SUMIFS($J$27:$J$115, $C$27:$C$115, $C7, $D$27:$D$115, $D7, $E$27:$E$115, $E7) -> 7
B8: 6 | C8: WebtoB 6 @ Standard | D8: HP UX | E8: DR | F8: Core | G8: =SUMIFS($G$27:$G$115, $C$27:$C$115, $C8, $D$27:$D$115, $D8, $E$27:$E$115, $E8) -> 31 | H8: 0.5 | I8: =SUMIFS($I$27:$I$115, $C$27:$C$115, $C8, $D$27:$D$115, $D8, $E$27:$E$115, $E8) -> 4 | J8: =SUMIFS($J$27:$J$115, $C$27:$C$115, $C8, $D$27:$D$115, $D8, $E$27:$E$115, $E8) -> 15.5
B9: 7 | C9: JEUS 9 @ Standard | D9: AIX | E9: 운영 | F9: Core | G9: =SUMIFS($G$27:$G$115, $C$27:$C$115, $C9, $D$27:$D$115, $D9, $E$27:$E$115, $E9) -> 8 | H9: 1 | I9: =SUMIFS($I$27:$I$115, $C$27:$C$115, $C9, $D$27:$D$115, $D9, $E$27:$E$115, $E9) -> 4 | J9: =SUMIFS($J$27:$J$115, $C$27:$C$115, $C9, $D$27:$D$115, $D9, $E$27:$E$115, $E9) -> 8 | K9: =SUM(J9:J14) -> 41.5
B10: 8 | C10: JEUS 9 @ Standard | D10: AIX | E10: 개발 | F10: Core | G10: =SUMIFS($G$27:$G$115, $C$27:$C$115, $C10, $D$27:$D$115, $D10, $E$27:$E$115, $E10) -> 7 | H10: 1 | I10: =SUMIFS($I$27:$I$115, $C$27:$C$115, $C10, $D$27:$D$115, $D10, $E$27:$E$115, $E10) -> 5 | J10: =SUMIFS($J$27:$J$115, $C$27:$C$115, $C10, $D$27:$D$115, $D10, $E$27:$E$115, $E10) -> 7
B11: 9 | C11: JEUS 9 @ Standard | D11: AIX | E11: DR | F11: Core | G11: =SUMIFS($G$27:$G$115, $C$27:$C$115, $C11, $D$27:$D$115, $D11, $E$27:$E$115, $E11) -> 2 | H11: 1 | I11: =SUMIFS($I$27:$I$115, $C$27:$C$115, $C11, $D$27:$D$115, $D11, $E$27:$E$115, $E11) -> 1 | J11: =SUMIFS($J$27:$J$115, $C$27:$C$115, $C11, $D$27:$D$115, $D11, $E$27:$E$115, $E11) -> 2
B12: 10 | C12: JEUS 9 @ Standard | D12: HP UX | E12: 운영 | F12: Core | G12: =SUMIFS($G$27:$G$115, $C$27:$C$115, $C12, $D$27:$D$115, $D12, $E$27:$E$115, $E12) -> 2 | H12: 0.5 | I12: =SUMIFS($I$27:$I$115, $C$27:$C$115, $C12, $D$27:$D$115, $D12, $E$27:$E$115, $E12) -> 1 | J12: =SUMIFS($J$27:$J$115, $C$27:$C$115, $C12, $D$27:$D$115, $D12, $E$27:$E$115, $E12) -> 1
B13: 11 | C13: JEUS 9 @ Standard | D13: HP UX | E13: 개발 | F13: Core | G13: =SUMIFS($G$27:$G$115, $C$27:$C$115, $C13, $D$27:$D$115, $D13, $E$27:$E$115, $E13) -> 13 | H13: 0.5 | I13: =SUMIFS($I$27:$I$115, $C$27:$C$115, $C13, $D$27:$D$115, $D13, $E$27:$E$115, $E13) -> 7 | J13: =SUMIFS($J$27:$J$115, $C$27:$C$115, $C13, $D$27:$D$115, $D13, $E$27:$E$115, $E13) -> 8
B14: 12 | C14: JEUS 9 @ Standard | D14: HP UX | E14: DR | F14: Core | G14: =SUMIFS($G$27:$G$115, $C$27:$C$115, $C14, $D$27:$D$115, $D14, $E$27:$E$115, $E14) -> 31 | H14: 0.5 | I14: =SUMIFS($I$27:$I$115, $C$27:$C$115, $C14, $D$27:$D$115, $D14, $E$27:$E$115, $E14) -> 4 | J14: =SUMIFS($J$27:$J$115, $C$27:$C$115, $C14, $D$27:$D$115, $D14, $E$27:$E$115, $E14) -> 15.5
B15: 13 | C15: JEUS 9 @ Enterprise | D15: AIX | E15: 운영 | F15: Core | G15: =SUMIFS($G$27:$G$115, $C$27:$C$115, $C15, $D$27:$D$115, $D15, $E$27:$E$115, $E15, $H$27:$H$115, $H15)-G17 -> 48 | H15: 1 | I15: =SUMIFS($I$27:$I$115, $C$27:$C$115, $C15, $D$27:$D$115, $D15, $E$27:$E$115, $E15, $H$27:$H$115, $H15)-I17 -> 6 | J15: =SUMIFS($J$27:$J$115, $C$27:$C$115, $C15, $D$27:$D$115, $D15, $E$27:$E$115, $E15, $H$27:$H$115, $H15)-J17 -> 48 | K15: =SUM(J15:J22) -> 108
B16: 14 | C16: JEUS 9 @ Enterprise | D16: AIX | E16: 운영 | F16: Core | G16: =SUMIFS($G$27:$G$115, $C$27:$C$115, $C16, $D$27:$D$115, $D16, $E$27:$E$115, $E16, $H$27:$H$115, $H16) -> 12 | H16: 0.75 | I16: =SUMIFS($I$27:$I$115, $C$27:$C$115, $C16, $D$27:$D$115, $D16, $E$27:$E$115, $E16, $H$27:$H$115, $H16) -> 2 | J16: =SUMIFS($J$27:$J$115, $C$27:$C$115, $C16, $D$27:$D$115, $D16, $E$27:$E$115, $E16, $H$27:$H$115, $H16) -> 9
B17: 13 | C17: JEUS 9 @ Enterprise | D17: AIX | E17: 운영 | F17: Core | G17: 3 | H17: 1 | I17: 2 | J17: 3
B18: 15 | C18: JEUS 9 @ Enterprise | D18: AIX | E18: 개발 | F18: Core | G18: =SUMIFS($G$27:$G$115, $C$27:$C$115, $C18, $D$27:$D$115, $D18, $E$27:$E$115, $E18) -> 0 | H18: 1 | I18: =SUMIFS($I$27:$I$115, $C$27:$C$115, $C18, $D$27:$D$115, $D18, $E$27:$E$115, $E18) -> 0 | J18: =SUMIFS($J$27:$J$115, $C$27:$C$115, $C18, $D$27:$D$115, $D18, $E$27:$E$115, $E18) -> 0
B19: 16 | C19: JEUS 9 @ Enterprise | D19: AIX | E19: DR | F19: Core | G19: =SUMIFS($G$27:$G$115, $C$27:$C$115, $C19, $D$27:$D$115, $D19, $E$27:$E$115, $E19) -> 9 | H19: 1 | I19: =SUMIFS($I$27:$I$115, $C$27:$C$115, $C19, $D$27:$D$115, $D19, $E$27:$E$115, $E19) -> 3 | J19: =SUMIFS($J$27:$J$115, $C$27:$C$115, $C19, $D$27:$D$115, $D19, $E$27:$E$115, $E19) -> 9
B20: 17 | C20: JEUS 9 @ Enterprise | D20: HP UX | E20: 운영 | F20: Core | G20: =SUMIFS($G$27:$G$115, $C$27:$C$115, $C20, $D$27:$D$115, $D20, $E$27:$E$115, $E20) -> 78 | H20: 0.5 | I20: =SUMIFS($I$27:$I$115, $C$27:$C$115, $C20, $D$27:$D$115, $D20, $E$27:$E$115, $E20) -> 10 | J20: =SUMIFS($J$27:$J$115, $C$27:$C$115, $C20, $D$27:$D$115, $D20, $E$27:$E$115, $E20) -> 39
B21: 18 | C21: JEUS 9 @ Enterprise | D21: HP UX | E21: 개발 | F21: Core | G21: =SUMIFS($G$27:$G$115, $C$27:$C$115, $C21, $D$27:$D$115, $D21, $E$27:$E$115, $E21) -> 0 | H21: 0.5 | I21: =SUMIFS($I$27:$I$115, $C$27:$C$115, $C21, $D$27:$D$115, $D21, $E$27:$E$115, $E21) -> 0 | J21: =SUMIFS($J$27:$J$115, $C$27:$C$115, $C21, $D$27:$D$115, $D21, $E$27:$E$115, $E21) -> 0
B22: 19 | C22: JEUS 9 @ Enterprise | D22: HP UX | E22: DR | F22: Core | G22: =SUMIFS($G$27:$G$115, $C$27:$C$115, $C22, $D$27:$D$115, $D22, $E$27:$E$115, $E22) -> 0 | H22: 0.5 | I22: =SUMIFS($I$27:$I$115, $C$27:$C$115, $C22, $D$27:$D$115, $D22, $E$27:$E$115, $E22) -> 0 | J22: =SUMIFS($J$27:$J$115, $C$27:$C$115, $C22, $D$27:$D$115, $D22, $E$27:$E$115, $E22) -> 0
B23: 20 | C23: 업그레이드 기술지원 | D23: - | E23: - | F23: M/D | G23: 130 | K23: 비상주 130M/D 지원
B25: <상세 목록>
B26: No. | C26: 제품명 | D26: OS | E26: 타입 | F26: 단위 | G26: 단위수량 | H26: 가중치 | I26: 서버수량 | J26: 환산수량 | K26: 기존 라이선스 | L26: 업무명 구분 | M26: 품목 구분 | N26: 비고
B27: 1 | C27: JEUS 9 @ Standard | D27: HP UX | E27: DR | F27: Core | G27: 18 | H27: 0.5 | I27: 1 | J27: 9 | K27: L20160015122 L20160015121 L20160015120 | L27: 우비스(카드상담) | M27: WAS | N27: 업그레이드
B28: 2 | C28: JEUS 9 @ Enterprise | D28: HP UX | E28: 운영 | F28: Core | G28: 20 | H28: 0.5 | I28: 1 | J28: 10 | K28: L20230007384 | L28: 우비스(카드상담) | M28: WAS | N28: 업그레이드
B29: 3 | C29: JEUS 9 @ Enterprise | D29: HP UX | E29: 운영 | F29: Core | G29: 20 | H29: 0.5 | I29: 1 | J29: 10 | K29: L20230007385 | L29: 우비스(카드상담) | M29: WAS | N29: 업그레이드
B30: 4 | C30: JEUS 9 @ Standard | D30: HP UX | E30: 개발 | F30: Core | G30: 2 | H30: 0.5 | I30: 1 | J30: 1 | K30: L20160015119 | L30: 우비스(카드상담) | M30: WAS | N30: 업그레이드
B31: 5 | C31: JEUS 9 @ Enterprise | D31: AIX | E31: 운영 | F31: Core | G31: 7 | H31: 1 | I31: 1 | J31: 7 | K31: L20230002800 | L31: FDS | M31: WAS | N31: 업그레이드
B32: 6 | C32: JEUS 9 @ Enterprise | D32: AIX | E32: 운영 | F32: Core | G32: 7 | H32: 1 | I32: 1 | J32: 7 | K32: L20230002799 | L32: FDS | M32: WAS | N32: 업그레이드
B33: 7 | C33: JEUS 9 @ Standard | D33: HP UX | E33: 개발 | F33: Core | G33: 1 | H33: 0.5 | I33: 1 | J33: 1 | K33: L20150000028 | L33: FDS | M33: WAS | N33: 업그레이드
B34: 8 | C34: JEUS 9 @ Standard | D34: HP UX | E34: DR | F34: Core | G34: 2 | H34: 0.5 | I34: 1 | J34: 1 | K34: L20150010388 | L34: 국제카드 | M34: WAS | N34: 업그레이드
B35: 9 | C35: JEUS 9 @ Enterprise | D35: HP UX | E35: 운영 | F35: Core | G35: 2 | H35: 0.5 | I35: 1 | J35: 1 | K35: L20150010383 | L35: 국제카드 | M35: WAS | N35: 업그레이드
B36: 10 | C36: JEUS 9 @ Enterprise | D36: HP UX | E36: 운영 | F36: Core | G36: 2 | H36: 0.5 | I36: 1 | J36: 1 | K36: L20150010382 | L36: 국제카드 | M36: WAS | N36: 업그레이드
B37: 11 | C37: JEUS 9 @ Standard | D37: HP UX | E37: 개발 | F37: Core | G37: 2 | H37: 0.5 | I37: 1 | J37: 1 | K37: L20150010386 | L37: 국제카드 | M37: WAS | N37: 업그레이드
B38: 12 | C38: JEUS 9 @ Enterprise | D38: AIX | E38: DR | F38: Core | G38: 3 | H38: 1 | I38: 1 | J38: 3 | K38: L20160004411 | L38: 우리WON멤버스 | M38: WAS | N38: 업그레이드
... B115: 89 | C115: WebtoB 6 @ Standard | D115: AIX | E115: 개발 | F115: Core | G115: 1 | H115: 1 | I115: 1 | J115: 1 | K115: L20160004405 | L115: 우리WON멤버스 | M115: WEB | N115: 업그레이드
B116: 90 | C116: 업그레이드 기술지원 | D116: - | E116: - | F116: M/D | G116: 130 | K116: 비상주 130M/D 지원
